app_id,PackageManager.getPackageInfo,RootBeer.isRooted,RootTools,Runtime.exec,SafetyNetApi,sum,rooted,,
com.cbcapp.otp.activity,0,0,0,1,0,1,y,,
netinfo.eu.symantec,1,1,0,1,1,4,y,,4 =1
com.aircuve.aircuvemobile,1,0,0,1,0,2,y,,3=2
com.bankofamerica.authenticator,1,0,0,1,0,2,y,,2=19
com.namirial.android.virtualotp,1,0,0,1,0,2,y,,1=2
eu.netinfo.netteller.cqur.motp,1,0,0,1,0,2,y,,
com.vietinbank.softotp,1,1,0,1,0,3,y,,
otl.snkl.SnorkelOTP,1,0,0,1,0,2,y,,
com.GlowOTP,1,0,0,1,0,2,y,,
com.BankMisrSoftToken,1,0,0,1,0,2,y,,
vn.com.sacombank.msign,1,0,0,1,0,2,y,,
com.techcombank.stk.corp,1,0,0,1,0,2,y,,
com.gemalto.idprove,1,0,0,0,0,1,y,,
com.ftsafe.otp.activity,1,0,0,1,0,2,y,,
com.jeptoken,1,0,0,1,0,2,y,,
ar.gob.afip.mobile.android.internal.seginfo,1,0,1,1,0,3,y,,
otl.snkl.HDFCSnorkelOTP,1,0,0,1,0,2,y,,
com.mds.canarabankapp,1,0,0,1,0,2,y,,
com.BANKABC,1,0,0,1,0,2,y,,
com.changingtec.motp.pro,1,0,0,1,0,2,y,,
com.aircuve.airotp,1,0,0,1,0,2,y,,
com.cibcorptoken,1,0,0,1,0,2,y,,
com.sbi.SBIFreedomPlus,1,0,0,1,0,2,y,,
cy.nbg.nbgcyotp,1,0,0,1,0,2,y,,
vn.com.bidv.softotp,1,0,0,0,0,1,n,,
com.nof.makanoh.openkeypos,1,0,0,0,0,1,n,,
com.forgerock.authenticator,1,0,0,0,0,1,n,,
com.authy.authy,1,0,0,0,0,1,n,,
vn.unlimit.magicauth,1,0,0,1,0,2,n,,
no.buypass.mobile.bpcode.bp,1,0,0,0,0,1,n,,
com.mastersam.android.mastersamotp,0,0,0,0,0,0,n,,
com.egypt.ais.masriacard.mcmotp,1,0,0,0,0,1,n,,
com.dreammirae.otp.android.mirae.multiid.market,1,0,0,0,0,1,n,,
token.security.m2m.com.generateotp,1,0,0,0,0,1,n,,
com.deepnet.andmob5,1,0,0,0,0,1,n,,
hr.asseco.android.jimba.otpretailng,1,0,0,1,1,3,n,,
com.mts.opt2,1,0,0,0,0,1,n,,
com.inwebo.authenticator,1,0,0,0,0,1,n,,
net.secuwiz.prudentialotp,1,0,0,0,0,1,n,,
br.com.powersoftware.otpsafe,1,0,0,0,0,1,n,,
com.canopus.otpmacgenerator,1,0,0,0,0,1,n,,
hr.asseco.android.mtoken.ht.test,1,0,0,0,0,1,n,,
com.dreammirae.otp.android.mirae,1,0,0,0,0,1,n,,
it.aruba.pec.mobile.otpfvg,1,0,0,0,0,1,n,,
com.feelanet.artstrongid.sec,1,0,0,0,0,1,n,,
com.nhn.hangameotp,1,0,0,0,0,1,n,,
it.aruba.pec.mobile.otp,1,0,0,0,0,1,n,,
com.novoload.otp,1,0,0,0,0,1,n,,
com.portwise.mid.clients.android,1,0,0,0,0,1,n,,
io.faceotp.faceotp,1,0,0,0,0,1,n,,
com.atsolution.android.uotp2,1,0,0,0,0,1,n,,
com.mollatech.android.apps.authenticators,1,0,0,0,0,1,n,,
com.bncr.detectid_otp,1,0,0,1,0,2,n,,
it.previnet.authenticator,1,0,0,0,0,1,n,,
com.rcdevs.auth,1,0,0,0,0,1,n,,
com.sgn.sgotp,1,0,0,0,0,1,n,,
kr.co.neople.neopleotp,1,0,0,0,1,2,n,,
club.nagavip.otp,1,0,1,1,0,3,n,,
ngn.com.vn.totp,0,0,0,0,0,0,n,,
com.halcom.ng.mobile.puppaltr,1,0,0,1,0,2,n,,
com.yubico.yubiclip,0,0,0,0,0,0,n,,
org.arcon.arcos.otp1,0,0,0,0,0,0,n,,
ru.yandex.key,1,0,0,0,0,1,n,,
de.sbeh.rdp_otp,1,0,0,0,0,1,n,,
cy.com.netinfo.crdbotp,1,0,0,0,0,1,n,,
hr.asseco.android.otp,1,0,0,0,0,1,n,,
com.aff.otpdirekt,1,1,0,1,1,4,n,,
com.zenithbank.zenithetoken,1,0,0,0,0,1,n,,
com.CIBEgyptSecureToken,1,0,0,1,0,2,n,,
com.goldtime.authy,1,0,0,1,0,2,n,,
vn.tpb.token.baseotp,1,1,0,1,0,3,n,,
com.sitin.sitinotp,1,0,0,0,0,1,n,,
com.protectimus.totpburner.nfc,1,0,0,0,1,2,n,,
com.sgn.sgotp.lotte,1,0,0,0,0,1,n,,
oracle.idm.mobile.authenticator,1,0,0,1,0,2,n,,
com.sgn.secureguardotp,1,0,0,0,0,1,n,,
com.dreammirae.anyauth.android,1,0,0,1,0,2,n,,
dev.cat.coffee.authenticator,1,0,0,0,0,1,n,,
com.google.android.apps.authenticator2,1,0,0,0,0,1,n,,
com.LuxTrustMobile,1,0,0,1,0,2,n,,
sg.worktable.pingoauth,1,0,0,0,0,1,n,,
com.kiwoom.unitycert,1,0,0,1,0,2,n,,
eu.netinfo.cdb.otp,0,0,0,0,0,0,n,,
com.bitrixsoft.otp,0,0,0,0,0,0,n,,
org.juanjcsr.newcloudotp,1,0,0,0,0,1,n,,
com.square_enix_software_token,1,0,0,1,0,2,n,,
com.trumotp.club,1,0,1,1,0,3,n,,
com.ncb.bank.otp,1,1,0,1,0,3,n,,
org.cry.otp,1,0,0,0,0,1,n,,
me.jmh.authenticatorpro,1,0,0,0,0,1,n,,
wibmo.com.wibmoAuthApp,1,0,0,1,0,2,n,,
it.company.sielte,1,0,0,0,0,1,n,,
com.u2fa.secur,1,0,0,0,0,1,n,,
eu.sia.siaotp,1,0,0,0,0,1,n,,
br.gov.caixa.codigocaixa,1,0,0,0,0,1,n,,
nh.smart.signone,1,0,0,1,0,2,n,,
com.isprint.SWIFTToken,0,0,0,1,0,1,n,,
com.dxc.ipwr,1,0,0,0,0,1,n,,
com.vn.vib.smeotp,1,0,0,0,0,1,n,,
org.fedorahosted.freeotp,1,0,0,0,0,1,n,,
sk.otp.viamo,1,0,0,1,0,2,n,,
com.sbi.SBISecure,1,0,0,1,0,2,n,,
com.yubico.yubioath,1,0,0,0,0,1,n,,
tdb.otp,1,0,0,0,0,1,n,,
tm.asmanoky.otp,1,0,0,0,0,1,n,,
no.SpareBank1.MobileOTP,1,0,0,1,0,2,n,,
at.tugraz.iaik.signapp,1,0,0,0,0,1,n,,
eu.sebbe.www.qrsa,0,0,0,0,0,0,n,,
com.ca.sec.aa.authenticator,1,0,0,1,0,2,n,,
com.ncs.secureconnect.otp,1,0,0,0,0,1,n,,
kr.kjun.NaverSetup,1,0,0,0,0,1,n,,
iSec.Authenticator,1,0,0,0,0,1,n,,
com.ws.a.otp,1,0,0,0,0,1,n,,
ro.len.mobile,0,0,0,0,0,0,n,,
com.protectimus.android,1,0,0,0,0,1,n,,
com.systemat.SeeZam_OTP,1,0,0,0,0,1,n,,
com.vivokey.vivoauth,1,0,0,0,0,1,n,,
com.kmcert.myotp,1,0,0,0,0,1,n,,
com.mobilians.motp,1,0,0,1,0,2,n,,
com.vtc.main.otpapp,1,0,0,0,0,1,n,,
org.shadowice.flocke.andotp,1,0,0,0,0,1,n,,
com.arcot.otp1,1,0,0,1,0,2,n,,
teakwang.tsis.motp,1,0,0,1,0,2,n,,
com.ADIBSDIGIPASS,1,0,0,1,0,2,n,,
com.pentasecurity.isignplus.mobileotp,1,0,0,0,0,1,n,,
com.gstotpauthenticator,1,0,0,0,0,1,n,,
com.hidglobal.ia.token.generic,0,0,0,0,0,0,n,,
com.eset.esa,1,0,0,0,0,1,n,,
com.Sigma,0,0,0,0,0,0,n,,
de.otp.main,1,0,0,0,0,1,n,,
org.liberty.android.freeotpplus,1,0,0,0,0,1,n,,
vn.funtap.smartotp,1,0,0,1,0,2,n,,
com.beemdevelopment.aegis,1,0,0,1,0,2,n,,
ua.com.cs.ifobs.mobile.android.otp,1,0,0,1,0,2,n,,
com.khla.otpapp.callhttpclient,1,0,0,0,0,1,n,,
org.kamrul.android.myauth,1,0,0,0,0,1,n,,
com.netfiles.netfilesotp,0,0,0,0,0,0,n,,
it.uiv.uivotp,1,0,0,0,0,1,n,,
com.pvcombank.smartotp,1,0,0,1,0,2,n,,
eu.netinfo.bcb.otp,1,0,0,0,0,1,n,,
com.net2recharge.otp,1,0,0,0,0,1,n,,
com.entrust.identityGuard.mobile,1,1,0,1,0,3,n,,
com.stove.otp.google.android,1,0,0,0,1,2,n,,
com.FAISATOKEN,1,0,0,1,0,2,n,,
com.sophos.sophtoken,1,0,0,0,0,1,n,,
com.pozitron.qib,1,0,0,1,0,2,n,,
com18deglab.cylocklite,1,0,0,0,0,1,n,,
com.mdmobiasbancadigipass,1,0,0,1,0,2,n,,
com.vpbank.vpbanksmartotp,1,1,0,1,0,3,n,,
com.aircuve.motpkey_miraeasset,1,0,0,0,0,1,n,,
com.pacifico.pacificid,1,0,0,1,1,3,n,,
com.andxor.mobile.jsotp.piteco,1,0,0,0,0,1,n,,
net.marinits.android.droidotp,1,0,0,0,0,1,n,,
vn.com.eximbank.softotp,1,1,0,1,1,4,n,,
com.lenovo.otp,1,0,0,0,0,1,n,,
com.kienlongbank.etoken,1,1,0,1,0,3,n,,
hr.asseco.android.intesa.isbd.alex,1,0,0,1,0,2,n,,
com.ezmcom.cimb.softtoken.ezidv4,1,0,0,0,0,1,n,,
it.netknights.piauthenticator,1,0,0,0,0,1,n,,
jp.konami.android.otp_token,0,0,0,0,0,0,n,,
com.securekiotp,0,0,0,0,0,0,n,,
com.viafirma.otp,1,0,0,0,0,1,n,,
vn.savis.smartid,1,0,0,0,0,1,n,,
net.aftnet.OTPManager,1,0,0,0,0,1,n,,
com.ocb.iotp,1,0,0,1,0,2,n,,
com.azure.authenticator,1,0,0,1,1,3,n,,
two.factor.secure.otp.authentication,1,0,0,0,0,1,n,,
vietcombank.itcenter.vcbsmartoptv10,1,0,0,0,0,1,n,,
jp.co.nttdata.onetimepassworda,1,0,0,0,0,1,n,,
com.hpe.icewall.smartotp,1,0,0,0,0,1,n,,
com.scrignosa,1,0,0,1,0,2,n,,
com.canopus.otpmacgenerator.finductive,1,0,0,0,0,1,n,,
vn.mk.token.baseotp,1,1,0,1,0,3,n,,
br.com.voegol.tokenagenciasgol,1,0,0,1,1,3,n,,
com.qrail.token,1,0,0,1,0,2,n,,
com.ideasventure.otptoken,1,0,0,0,0,1,n,,
kr.or.kftc.fsc,1,0,0,1,0,2,n,,
com.egypt.ais.aismotp,1,0,0,0,0,1,n,,
org.arcon.pam.otp,0,0,0,0,0,0,n,,
com.lpb.softotp,1,1,0,1,0,3,n,,
com.atsolution.android.bcotp,1,0,0,0,0,1,n,,
com.authenticator.authservice2,1,0,0,1,0,2,n,,
